{
    "name": "root",
    "gauges": {
        "CreatureBehavior.Policy.Entropy.mean": {
            "value": 1.5015236139297485,
            "min": 1.4280015230178833,
            "max": 1.5015236139297485,
            "count": 13
        },
        "CreatureBehavior.Policy.Entropy.sum": {
            "value": 75077.6796875,
            "min": 72026.2734375,
            "max": 75203.8046875,
            "count": 13
        },
        "CreatureBehavior.Environment.EpisodeLength.mean": {
            "value": 354.16312056737587,
            "min": 157.06228373702422,
            "max": 498.2173913043478,
            "count": 13
        },
        "CreatureBehavior.Environment.EpisodeLength.sum": {
            "value": 49937.0,
            "min": 45391.0,
            "max": 52842.0,
            "count": 13
        },
        "CreatureBehavior.Step.mean": {
            "value": 649964.0,
            "min": 49968.0,
            "max": 649964.0,
            "count": 13
        },
        "CreatureBehavior.Step.sum": {
            "value": 649964.0,
            "min": 49968.0,
            "max": 649964.0,
            "count": 13
        },
        "CreatureBehavior.Policy.ExtrinsicValueEstimate.mean": {
            "value": 14.433309555053711,
            "min": 4.464237689971924,
            "max": 14.579763412475586,
            "count": 13
        },
        "CreatureBehavior.Policy.ExtrinsicValueEstimate.sum": {
            "value": 12340.4794921875,
            "min": 4187.455078125,
            "max": 12399.91015625,
            "count": 13
        },
        "CreatureBehavior.Environment.CumulativeReward.mean": {
            "value": 65.81948727327334,
            "min": 33.09713829208204,
            "max": 80.18792443288409,
            "count": 13
        },
        "CreatureBehavior.Environment.CumulativeReward.sum": {
            "value": 9346.367192804813,
            "min": 6930.030761003494,
            "max": 9697.103890359402,
            "count": 13
        },
        "CreatureBehavior.Policy.ExtrinsicReward.mean": {
            "value": 65.81948727327334,
            "min": 33.09713829208204,
            "max": 80.18792443288409,
            "count": 13
        },
        "CreatureBehavior.Policy.ExtrinsicReward.sum": {
            "value": 9346.367192804813,
            "min": 6930.030761003494,
            "max": 9697.103890359402,
            "count": 13
        },
        "CreatureBehavior.Losses.PolicyLoss.mean": {
            "value": 0.022542443615869462,
            "min": 0.020695307780600462,
            "max": 0.02572592489634796,
            "count": 10
        },
        "CreatureBehavior.Losses.PolicyLoss.sum": {
            "value": 0.11271221807934731,
            "min": 0.09297989745067146,
            "max": 0.12862962448173978,
            "count": 10
        },
        "CreatureBehavior.Losses.ValueLoss.mean": {
            "value": 3.6372646776835125,
            "min": 2.646865592002869,
            "max": 11.976340572039286,
            "count": 10
        },
        "CreatureBehavior.Losses.ValueLoss.sum": {
            "value": 18.186323388417563,
            "min": 11.247522513071695,
            "max": 47.90536228815714,
            "count": 10
        },
        "CreatureBehavior.Policy.LearningRate.mean": {
            "value": 1.6228054590679997e-05,
            "min": 1.6228054590679997e-05,
            "max": 0.00028459470513509993,
            "count": 10
        },
        "CreatureBehavior.Policy.LearningRate.sum": {
            "value": 8.114027295339998e-05,
            "min": 8.114027295339998e-05,
            "max": 0.0012842556719147998,
            "count": 10
        },
        "CreatureBehavior.Policy.Epsilon.mean": {
            "value": 0.10540932,
            "min": 0.10540932,
            "max": 0.1948649,
            "count": 10
        },
        "CreatureBehavior.Policy.Epsilon.sum": {
            "value": 0.5270466,
            "min": 0.49984080000000003,
            "max": 0.9280851999999999,
            "count": 10
        },
        "CreatureBehavior.Policy.Beta.mean": {
            "value": 0.000279925068,
            "min": 0.000279925068,
            "max": 0.0047437585099999995,
            "count": 10
        },
        "CreatureBehavior.Policy.Beta.sum": {
            "value": 0.00139962534,
            "min": 0.00139962534,
            "max": 0.02141145148,
            "count": 10
        },
        "CreatureBehavior.IsTraining.mean": {
            "value": 0.0,
            "min": 0.0,
            "max": 1.0,
            "count": 13
        },
        "CreatureBehavior.IsTraining.sum": {
            "value": 0.0,
            "min": 0.0,
            "max": 1.0,
            "count": 13
        },
        "MyBehavior.Policy.Entropy.mean": {
            "value": -1.1920928244535389e-07,
            "min": -1.1920928244535389e-07,
            "max": -1.1920928244535389e-07,
            "count": 5
        },
        "MyBehavior.Policy.Entropy.sum": {
            "value": -0.005973815452307463,
            "min": -0.005973815452307463,
            "max": -0.005973815452307463,
            "count": 5
        },
        "MyBehavior.Step.mean": {
            "value": 249984.0,
            "min": 49984.0,
            "max": 249984.0,
            "count": 5
        },
        "MyBehavior.Step.sum": {
            "value": 249984.0,
            "min": 49984.0,
            "max": 249984.0,
            "count": 5
        },
        "MyBehavior.Policy.ExtrinsicValueEstimate.mean": {
            "value": 0.0,
            "min": 0.0,
            "max": 0.0,
            "count": 5
        },
        "MyBehavior.Policy.ExtrinsicValueEstimate.sum": {
            "value": 0.0,
            "min": 0.0,
            "max": 0.0,
            "count": 5
        },
        "MyBehavior.Losses.PolicyLoss.mean": {
            "value": 0.0,
            "min": 0.0,
            "max": 0.0,
            "count": 5
        },
        "MyBehavior.Losses.PolicyLoss.sum": {
            "value": 0.0,
            "min": 0.0,
            "max": 0.0,
            "count": 5
        },
        "MyBehavior.Losses.ValueLoss.mean": {
            "value": 0.0,
            "min": 0.0,
            "max": 0.0,
            "count": 5
        },
        "MyBehavior.Losses.ValueLoss.sum": {
            "value": 0.0,
            "min": 0.0,
            "max": 0.0,
            "count": 5
        },
        "MyBehavior.Policy.LearningRate.mean": {
            "value": 0.00016314244561920003,
            "min": 0.00016314244561920003,
            "max": 0.000284448005184,
            "count": 5
        },
        "MyBehavior.Policy.LearningRate.sum": {
            "value": 0.0008157122280960001,
            "min": 0.0008157122280960001,
            "max": 0.001282272072576,
            "count": 5
        },
        "MyBehavior.Policy.Epsilon.mean": {
            "value": 0.15438080000000004,
            "min": 0.15438080000000004,
            "max": 0.19481599999999996,
            "count": 5
        },
        "MyBehavior.Policy.Epsilon.sum": {
            "value": 0.7719040000000001,
            "min": 0.7719040000000001,
            "max": 0.9274240000000001,
            "count": 5
        },
        "MyBehavior.Policy.Beta.mean": {
            "value": 0.00272360192,
            "min": 0.00272360192,
            "max": 0.004741318400000001,
            "count": 5
        },
        "MyBehavior.Policy.Beta.sum": {
            "value": 0.013618009600000001,
            "min": 0.013618009600000001,
            "max": 0.021378457599999998,
            "count": 5
        },
        "MyBehavior.IsTraining.mean": {
            "value": 1.0,
            "min": 1.0,
            "max": 1.0,
            "count": 5
        },
        "MyBehavior.IsTraining.sum": {
            "value": 1.0,
            "min": 1.0,
            "max": 1.0,
            "count": 5
        }
    },
    "metadata": {
        "timer_format_version": "0.1.0",